{"cameraMode":{"drawMode":0,"name":"Shaded","section":"Shading Mode"},"sceneLighting":false,"audioPlay":false,"sceneViewState":{"showFog":true,"showMaterialUpdate":false,"showSkybox":false,"showFlares":true,"showImageEffects":true,"showParticleSystems":true},"in2DMode":false,"pivot":{"x":-346.7070007324219,"y":-7.7049994468688969,"z":113.09065246582031},"rotation":{"x":0.13040165603160859,"y":-0.4325047731399536,"z":0.06337738782167435,"w":0.8898978233337402},"size":193.443359375,"orthographic":false}