{"cameraMode":{"drawMode":0,"name":"Shaded","section":"Shading Mode"},"sceneLighting":false,"audioPlay":false,"sceneViewState":{"showFog":true,"showMaterialUpdate":false,"showSkybox":false,"showFlares":true,"showImageEffects":true,"showParticleSystems":true},"in2DMode":false,"pivot":{"x":-0.1923448145389557,"y":0.9110569357872009,"z":-0.642336368560791},"rotation":{"x":-0.18790443241596223,"y":-0.7084604501724243,"z":-0.2052573710680008,"w":0.6485753059387207},"size":1.5128073692321778,"orthographic":true}