{"cameraMode":{"drawMode":0,"name":"Shaded","section":"Shading Mode"},"sceneLighting":false,"audioPlay":false,"sceneViewState":{"showFog":true,"showMaterialUpdate":false,"showSkybox":true,"showFlares":true,"showImageEffects":true,"showParticleSystems":true},"in2DMode":false,"pivot":{"x":16.03258514404297,"y":-0.010000228881835938,"z":80.02730560302735},"rotation":{"x":0.1568496972322464,"y":0.0029626009054481985,"z":-0.0004703882150352001,"w":0.9876232743263245},"size":41.76293182373047,"orthographic":false}